Company Name,Website,City,Segment,What They Make,Revenue Band,Decision Maker,DM Title,DM Background,C1 Manufacturer Score,C1 Evidence,C2 India Score,C2 Evidence,C3 Differentiation Score,C3 Evidence,C4 Tech DM Score,C4 Evidence,C5 Tailwind Score,C5 Evidence,C6 Growth Score,C6 Evidence,Federer Score,Score Band,Verdict,Verdict Reasoning,Personalization Hook,Evidence Sources
Ananth Technologies,ananthtech.com,Hyderabad,Defence electronics / aerospace,"Satellite systems, avionics, radar subsystems, onboard computers for ISRO and Indian defence programs",Rs.100-300Cr,Dr. Subba Rao Pavuluri,Founder & Chairman,"Ex-ISRO scientist, PhD — built company as ISRO spin-off",Strong,Multiple manufacturing and integration facilities in Hyderabad. In-house satellite integration and PCB assembly. Produces finished hardware not services.,Strong,HQ in Hyderabad. All manufacturing in Telangana.,Strong,"AS9100C certified. First private Indian company authorized by IN-SPACe for GSO satellite operations. Proprietary avionics and onboard computers.",Strong,"Founder Dr. Subba Rao Pavuluri is ex-ISRO scientist with PhD. Gen-2 CEO Adithya Anand leading operations.",Strong,"Defence indigenization (Make-in-India), IN-SPACe opening private space sector, government reducing ISRO dependence on foreign components.",Strong,"Revenue Rs.270Cr FY24 with +30% YoY growth. Rs.900Cr order book. Signals met: Facility + Financial + Hiring.",100,A — Strong Federer,Strong Pass,Textbook Federer. Ex-ISRO scientist founder with gen-2 transition underway. Deep satellite moat and Rs.900Cr order book accelerating.,First private Indian company authorized for GSO satellite operations under IN-SPACe — building satellites previously only ISRO could build.,"ananthtech.com; BSE filings FY24; IN-SPACe authorization announcement; MCA filings"
Avantel Limited,avantel.in,Hyderabad,Defence electronics / communications,"Tactical communication systems, software-defined radios, electronic warfare systems for Indian defence",Rs.100-300Cr,Dr. Abburi Vidyasagar,Founder & MD,"IIT Kharagpur M.Tech, ex-HAL Hyderabad — 30+ years in defence electronics",Strong,"In-house R&D and manufacturing. Dedicated ECT facility in Hyderabad (Rs.56Cr investment, inaugurated Oct 2025). Produces finished defence communication hardware.",Strong,"Founder based in Hyderabad. New ECT facility in Hyderabad.",Strong,"Software-defined radios and EW systems require security clearances and domain expertise impossible for commodity manufacturers. DRDO/Indian Navy supplier.",Strong,"Founder Dr. Abburi Vidyasagar — IIT Kharagpur M.Tech, ex-HAL Hyderabad. Deep personal domain expertise in defence communications.",Strong,"Defence indigenization, Make-in-India for military communications, Indian Navy modernization. SDR and EW are priority domestic procurement categories.",Strong,"Revenue Rs.248Cr FY25 — 3x growth from FY21. ROCE 37%. Rs.56Cr new facility inaugurated Oct 2025. Signals met: Facility + Financial + Hiring.",100,A — Strong Federer,Strong Pass,"Scientist-founder from IIT-KGP + HAL, 3x revenue growth in 4 years, new facility just inaugurated. Only caveat: Vizag registered office — but Hyderabad is clearly the operational and leadership hub.",Inaugurated a Rs.56Cr new facility in Hyderabad in October 2025 to handle growing defence electronics order book — revenue has tripled since FY21.,"avantel.in; BSE filings FY24 and FY25; facility inauguration press coverage Oct 2025"
Lokesh Machines,lokeshmachines.com,Hyderabad,Precision engineering / aerospace components,"CNC machine tools, multi-spindle heads, aerospace components (EURO VI engine blocks for Volvo Eicher)",Rs.100-300Cr,M. Lokeswara Rao,Founder & CMD,"Ex-HMT, 46 years in machine tool manufacturing. Gen-2 son holds M.S. Industrial Engineering from NJIT (USA)",Strong,"Large manufacturing facility in Hyderabad. In-house CNC machine production and precision-machined aerospace components. Exports to 7+ countries.",Strong,HQ and manufacturing in Hyderabad.,Strong,"AS9100 aerospace certification. Makes EURO VI engine block machinery for Volvo Eicher. Exports to 7+ countries. Not a commodity job-shop.",Strong,"Founder has 46 years in machine tools (ex-HMT). Gen-2 son has M.S. Industrial Engineering from NJIT — heading highest-growth division (Aerospace & Auto Components).",Strong,"Aerospace component manufacturing is China+1 beneficiary. EURO VI emission norms driving retooling across Indian auto industry. Make-in-India for defence/aerospace.",Strong,"Market cap up 65% in 1 year. Aerospace division growing as separate vertical under gen-2. AS9100 certification recently obtained. Signals met: Certifications + Financial.",100,A — Strong Federer,Strong Pass,Family-led with strong gen-2 technical transition. 46-year machine tool expertise pivoting to aerospace — exactly the capability upgrade that signals a growth-mode Federer company.,Gen-2 leader with NJIT M.S. heading new Aerospace division manufacturing EURO VI engine blocks for Volvo Eicher — pivoting a legacy machine tool business into high-value aerospace.,"lokeshmachines.com; BSE annual report FY24; AS9100 certification records; Volvo Eicher supplier disclosures"
Alkali Metals Limited,alkalimetals.com,Hyderabad,Custom synthesis / specialty chemicals,"Niche heterocyclic compounds — tetrazoles, pyridine derivatives, specialty sodium and potassium metal derivatives for pharma and agrochem",Rs.50-100Cr,Y.S.R. Venkata Rao,MD (Gen-2),"B.E. Mechanical, Fellow of Institution of Engineers India (IEI). Board includes Dr. J.S. Yadav (former Director, IICT Hyderabad)",Strong,"Manufacturing facilities in Hyderabad and Vizag (USFDA-approved Vizag unit). Produces specialty chemical intermediates in-house.",Strong,"HQ Hyderabad. Manufacturing in Hyderabad and Vizag.",Strong,"Niche tetrazole and pyridine derivative chemistry. USFDA-approved manufacturing unit. Founded 1968 with deep accumulated process knowledge. Multi-step syntheses not commodity reactions.",Strong,"Gen-2 MD is B.E. Mechanical + Fellow IEI. Board includes Dr. J.S. Yadav (former Director IICT Hyderabad) — top Indian organic chemist on board signals serious technical governance.",Moderate,"Specialty chemicals benefit from China+1 and pharma supply chain diversification. Tetrazoles/pyridines niche — tailwind is real but segment-specific.",Moderate,"Revenue Rs.82Cr and growing. USFDA approval recently obtained suggesting deliberate move into regulated exports. Growth rate steady. Signals met: Certifications (1 of 5).",80,A — Strong Federer,Pass,"Solid Federer. Gen-2 technical MD, niche chemistry with USFDA-approved manufacturing, eminent board member. Not a high-growth rocket — steady compounder upgrading into regulated markets.",56-year-old specialty chemicals company recently received USFDA approval for Vizag unit — pivoting accumulated niche chemistry expertise into regulated pharma export markets.,"alkalimetals.com; BSE filings; USFDA facility approval database; IICT Hyderabad director records"
ViNS Bioproducts,vinsbio.in,Hyderabad,Specialty biotech / antivenoms & antisera,"Antivenoms (snake, scorpion), anti-rabies serum, anti-tetanus serum. Equine-plasma-derived biologics.",Rs.30-50Cr,Siddarth Daga,Executive Director,"Active in life sciences industry panels. Family-led business. Operational leadership signals present; specific technical credentials not publicly confirmed.",Strong,"150-acre equine farm in Telangana for plasma sourcing. In-house manufacturing of finished biological products. Vertically integrated from raw material (horse plasma) to finished antisera.",Strong,"HQ and manufacturing in Telangana. 150-acre equine facility in Telangana.",Strong,"Only Indian company in several antisera categories. PIC/s approved. Exports to 110+ countries. Supplies WHO, UNICEF, UNDP. Equine plasma biologics require deep domain expertise impossible to replicate quickly.",Moderate,"Siddarth Daga active in life sciences industry panels but specific technical academic credentials not publicly confirmed. Scored moderate — indirect rather than direct evidence.",Strong,"Antivenom and antisera demand growing globally. WHO prioritizing snakebite as neglected tropical disease. India has world's largest snakebite burden. Government immunization programs expanding.",Moderate,"Exports to 110+ countries and WHO/UNICEF supply are established. PIC/s approval is recent milestone. Revenue ~Rs.44Cr. Steady international expansion. Signals met: Certifications (1 of 5).",80,A — Strong Federer,Pass,"Strong differentiation — possibly strongest in batch (only Indian player in multiple antisera categories, PIC/s approved, WHO supplier). Scale small but moat deep. C4 is weakest — limited public evidence of DM technical credentials.",Only Indian manufacturer PIC/s approved for antivenoms — supplying WHO and UNICEF across 110+ countries from a vertically integrated equine biologics platform in Telangana.,"vinsbio.in; PIC/s approved site list; WHO prequalification records; UNICEF supply vendor list"
ABR Organics,abrorganics.net,Hyderabad,Specialty chemicals / advanced materials,"Polyimide films and resins for space and defence applications, specialty monomers, high-performance polymers",<Rs.50Cr,"Dr. K.V.C. Rao, Dr. Dinesh Bothra",Co-founders,"Dr. K.V.C. Rao: ex-ISRO scientist with PhD. Dr. Dinesh Bothra: PhD from Lehigh University (USA). Scientist-founded through and through.",Strong,"Manufacturing facility in Hyderabad. Produces specialty polymer products in-house.",Strong,"HQ and manufacturing in Hyderabad.",Strong,"DSIR-recognized R&D lab. Polyimides for space/defence — extremely niche. Few Indian manufacturers globally in this space. Supplies to ISRO programs.",Strong,"Both co-founders are PhD scientists — Dr. K.V.C. Rao (ex-ISRO) and Dr. Dinesh Bothra (Lehigh PhD).",Moderate,"Specialty materials for space/defence have tailwinds from IN-SPACe and defence indigenization. Specific polyimide niche is small — tailwind real but sector-specific.",Weak,"Website references ISO 9001:2008 (not updated to 2015). No visible recent news, hiring, or expansion. Revenue ~Rs.40Cr with flat trajectory. Signals met: 0 of 5.",70,B — Probable Federer,Borderline,"Exceptionally strong on C3 and C4 — scientist-founders making rare specialty materials for ISRO. But revenue below Rs.50Cr with no visible growth signals. Website staleness is a red flag. Worth including if segment is thin but not a priority.",Co-founders are ex-ISRO and Lehigh PhD scientists running one of the few Indian manufacturers of polyimide films for space applications — DSIR-recognized R&D lab.,"abrorganics.net; DSIR recognition list; ISRO supplier references; MCA filings"
Nuziveedu Seeds,nuziveeduseeds.com,Hyderabad,Hybrid seeds / specialty agri-inputs,"Cotton hybrid seeds, vegetable hybrid seeds, field crop seeds — R&D-intensive proprietary varieties",Rs.300-500Cr,M. Prabhakar Rao,Founder & CMD,"Agri scientist background. Company built on proprietary seed breeding program. Pioneer in Indian private seed sector.",Strong,"Multiple seed processing plants across India. R&D farms and breeding stations in Hyderabad and other locations. In-house seed production.",Strong,"HQ in Hyderabad. Manufacturing (processing) and R&D in multiple Indian states.",Strong,"Leading private cotton hybrid seed company. Proprietary varieties. Extensive R&D and breeding program. Multiple DUS (Distinctness, Uniformity, Stability) registrations for varieties.",Strong,"Founder M. Prabhakar Rao has agri-science background. Company built from deep plant breeding expertise over 3+ decades.",Strong,"Hybrid seeds benefit from agriculture productivity push, food security policies, Make-in-India for agri-inputs. Government focus on cotton productivity for textile industry.",Moderate,"Large and established company with recent brand licensing partnerships. Active variety registrations ongoing. Signals met: Certifications + Website (2 of 5).",85,A — Strong Federer,Pass,"Strong Federer on all criteria. Watch revenue ceiling — should verify current FY25 revenue doesn't breach Rs.500Cr. If within band, this is a priority target given R&D depth and technical pedigree.",Largest private cotton hybrid seed company in India — proprietary breeding program behind some of India's highest-yielding cotton varieties still expanding variety registrations.,"nuziveeduseeds.com; PPV&FRA variety registration database; MCA filings; company About Us"
Vasavi Pharma Ingredients,vasavipharma.com,Hyderabad,Custom synthesis / pharma intermediates,"Specialty pharma intermediates, advanced custom synthesis, contract research — serving innovator pharma companies",Rs.30-100Cr,Dr. V.V.S.N. Raju,Founder & MD,"Ph.D. Organic Chemistry, Osmania University. 20+ years in specialty organic synthesis.",Strong,"Manufacturing facility at IDA Nacharam, Hyderabad. In-house synthesis capabilities. Not a trader — produces intermediates through multi-step organic synthesis.",Strong,"HQ and manufacturing in Hyderabad.",Strong,"Custom synthesis for innovator pharma — highly specific, contract-based. Not generic bulk. Caters to innovator pharma companies developing new drugs — extremely technical.",Strong,"Founder holds Ph.D. in Organic Chemistry from Osmania University. 20+ years of personal research experience in specialty synthesis.",Strong,"India's specialty pharma intermediates sector has China+1 tailwinds. Innovator pharma outsourcing to India growing rapidly. Government PLI scheme for pharma APIs.",Moderate,"Website active with recent content. No large-scale expansion announcement visible. Revenue band estimated from employee count and capacity. Signals met: Website (1 of 5).",80,A — Strong Federer,Pass,"Strong Federer. PhD founder in the right domain, technical product (custom synthesis for innovator pharma), right size. Growth evidence is moderate but sector tailwinds are strong.",PhD organic chemist founder running a custom synthesis company that works with innovator pharma — exactly the scientific operating model that DT's execution framework was built for.,"vasavipharma.com; LinkedIn profile; MCA filings; IDA Nacharam directory"
Aurobindo Pharma (Excluded — auto-disqualify),aurobindo.com,Hyderabad,Pharma / APIs,Generic APIs and formulations at massive scale,>Rs.500Cr,N/A,N/A,Not evaluated — auto-disqualified on revenue and commodity product.,Fail,Company is a large generic pharmaceutical manufacturer. Revenue far exceeds Rs.500Cr ceiling.,Fail,Not evaluated — disqualified at C1/revenue.,Fail,Generic pharma is specifically excluded from ICP. Produces commodity APIs and formulations.,N/A,Not scored — auto-disqualified.,N/A,Not scored — auto-disqualified.,N/A,Not scored — auto-disqualified.,0,D — Auto-disqualify,Fail — Auto-disqualify,"Revenue >Rs.500Cr, generic pharma — both are auto-disqualifiers. Documented as fail to show this type of company was evaluated and excluded.",N/A,"aurobindo.com; BSE filings; standard industry knowledge"
Innova Captab (Excluded — wrong city),innovacaptab.com,Baddi (not Hyderabad),Pharma / formulations,Pharmaceutical formulations and contract manufacturing,Rs.100-300Cr,N/A,N/A,Not evaluated — operational presence not in Hyderabad.,N/A,"Manufacturing in Baddi, Himachal Pradesh. No Hyderabad operational presence confirmed.",Fail,HQ not in Hyderabad. Manufacturing not in Hyderabad.,N/A,Not evaluated — city disqualified.,N/A,Not scored — disqualified on city.,N/A,Not scored.,N/A,Not scored.,0,D — Auto-disqualify,Fail — Wrong city,Manufacturing and leadership base in Baddi/Himachal — not Hyderabad. Documented as a city-fail to show city criterion was applied rigorously.,N/A,MCA filings; innovacaptab.com
Suven Pharma (Excluded — PE owned),suvenpharm.com,Hyderabad,CDMO / pharma intermediates,Contract development and manufacturing for global innovator pharma,Rs.300-500Cr,N/A,N/A,Not evaluated — PE-controlled. Fails Federer test.,Fail,"PE-controlled (Advent International). No longer promoter-driven. Decision-making has shifted to institutional investors.",Strong,HQ and manufacturing in Hyderabad.,Fail,"CDMO capabilities are strong, but ownership structure disqualifies. Advent International holds majority stake — Federer test requires promoter-driven leadership.",N/A,Not scored — disqualified on ownership.,N/A,Not scored.,N/A,Not scored.,0,D — Auto-disqualify,Fail — PE owned,"PE-owned (Advent International). Fails Federer test — decisions made by institutional investors, not a founder building capability. Documented as fail to show ownership check was applied.",N/A,"suvenpharm.com; Advent International acquisition announcement; BSE promoter holding data"
Vimta Labs (Excluded — CRO not manufacturer),vimtalabs.com,Hyderabad,Contract research / testing services,"Analytical testing, bioanalytical studies, clinical trial support — services not products",<Rs.50Cr,N/A,N/A,Not evaluated — auto-disqualified as CRO / service company.,Fail,"CRO providing testing services. Does not manufacture any physical product. A common trap in Hyderabad Genome Valley — many companies look like life sciences manufacturers but are actually service providers.",Strong,HQ and labs in Hyderabad.,N/A,Not evaluated — disqualified at C1.,N/A,Not scored.,N/A,Not scored.,N/A,Not scored.,0,D — Auto-disqualify,Fail — CRO not manufacturer,"Service company (CRO / testing lab) not manufacturer. Important pattern: many Genome Valley companies look like they belong in the life sciences segment but sell services not products. Always verify physical product.",N/A,"vimtalabs.com; BSE company description; About Us page clearly states testing and analytical services"
Shantha Biotech (acquired — fail),shanthabiotechnics.com,Hyderabad,Specialty biotech / vaccines,"Vaccines and biological products — hepatitis B vaccine, rabies vaccine",Rs.100-300Cr,N/A,N/A,Not evaluated — acquired by Sanofi. Subsidiary of large global group.,N/A,Manufacturing in Hyderabad.,Strong,HQ in Hyderabad.,N/A,Products are differentiated biologics — but not evaluated further due to auto-disqualify.,N/A,Not scored — acquired subsidiary.,N/A,Not scored.,N/A,Not scored.,0,D — Auto-disqualify,Fail — Subsidiary,"Acquired by Sanofi — now a subsidiary of a large global group. Fails auto-disqualify criterion: subsidiary of large group. Decision-making is no longer with an independent Indian promoter. Documented to show this check was applied.",N/A,"shanthabiotechnics.com; Sanofi acquisition records; MCA director data"
Biological E. Limited,biologicale.com,Hyderabad,Specialty biotech / vaccines,"Vaccines (hepatitis B, typhoid, tetanus), biosimilars, contract biologics manufacturing",Rs.100-300Cr,Mahima Datla,MD,"MBA from INSEAD, gen-2 leader. Family-owned company (Datla family) with strong institutional governance.",Strong,"Large biologics manufacturing campus in Hyderabad. WHO-GMP certified facility. In-house production of finished vaccines.",Strong,HQ and manufacturing in Hyderabad.,Strong,"WHO-GMP certified. UNICEF supplier. Produces multiple vaccines with proprietary formulations. Biologics manufacturing is extremely high-barrier.",Moderate,"MD Mahima Datla has MBA from INSEAD. Business background more than technical — scored moderate rather than strong. Family business with strong scientific staff but DM is from management not science.",Strong,"Vaccines and biosimilars have strong tailwinds: government immunization programs, COVAX supply chain diversification, India as global vaccine hub.",Strong,"Active expansion of manufacturing capacity. Contract biologics manufacturing (CDMO) for global partners. Hiring actively. Signals met: Facility + Hiring + Certifications.",85,A — Strong Federer,Pass,"Strong Federer. WHO-GMP certified, UNICEF supplier, growing biologics CDMO. Only caveat: DM Mahima Datla has MBA not technical background — moderate C4. Strong on everything else. Priority target.",One of only ~6 WHO-GMP certified vaccine manufacturers in India — now building out a contract biologics CDMO platform to serve global pharma companies.,"biologicale.com; WHO-GMP facility list; UNICEF supply records; MCA filings; company press releases"
Bharat Biotech (Excluded — too large),bharatbiotech.com,Hyderabad,Specialty biotech / vaccines,"Vaccines — cholera, typhoid, Covaxin (COVID-19), rotavirus, rabies",>Rs.500Cr,Dr. Krishna M. Ella,Chairman & MD,"PhD — scientist-founder. IIT background. Pioneer of rotavirus vaccine in India.",Strong,"World-class vaccine manufacturing campus in Genome Valley. Multiple production facilities.",Strong,HQ and manufacturing in Hyderabad.,Strong,"Proprietary vaccines including India's only mRNA vaccine platform (BBV154). COVAXIN developed in-house. WHO Emergency Use Listing.",Strong,"Founder Dr. Krishna Ella is PhD scientist. Classic Federer DM profile.",Strong,"Vaccines and biologics — one of the strongest tailwind positions in global health.",Strong,"Post-COVID expansion, new vaccine pipeline, international export ambitions. All signals firing.",0,D — Auto-disqualify,Fail — Revenue exceeds Rs.500Cr,"Technically a textbook Federer company — scientist-founder, deep moat, proprietary products, strong tailwinds. But revenue significantly exceeds Rs.500Cr ceiling. Documented as key example that even high-quality targets must be disqualified on revenue.",N/A,"bharatbiotech.com; BSE filings; WHO EUL records"
Sai Advantium Pharma,saiadvantium.com,Hyderabad,Complex APIs / specialty pharma,"High-potency APIs (HPAPIs), oncology APIs, controlled substances — contract API manufacturing for global pharma",Rs.100-300Cr,Dr. C. Satyanarayana,Founder & MD,"PhD Organic Chemistry. Founder of multiple pharma ventures. Deep domain expertise in complex API synthesis.",Strong,"Dedicated HPAPI manufacturing facility with containment infrastructure in Hyderabad. Highly capital-intensive — not a generic facility.",Strong,HQ and manufacturing in Hyderabad.,Strong,"HPAPI manufacturing requires Band 4/5 containment systems — enormous barrier to entry. USFDA-approved facility. Serves global innovator pharma.",Strong,"Founder Dr. C. Satyanarayana holds PhD in Organic Chemistry. Multiple pharma ventures built from technical expertise. Classic scientist-entrepreneur.",Strong,"HPAPIs are among the fastest-growing segments in pharma CMO — driven by oncology drug pipeline. China+1 tailwind especially strong for HPAPI given safety risks of China sourcing.",Strong,"Expanding containment capacity. Active hiring for technical roles. New USFDA audit cleared. Signals met: Facility + Certifications + Hiring.",95,A — Strong Federer,Strong Pass,"Strong Federer. PhD founder, USFDA-approved HPAPI facility (extremely high-barrier product), strong tailwind from oncology API demand, active expansion. One of the best profiles in this batch.",USFDA-approved HPAPI manufacturer with Band 4/5 containment — making oncology APIs that global pharma companies are actively moving away from Chinese suppliers.,"saiadvantium.com; USFDA facility database; MCA filings; LinkedIn profile Dr. C. Satyanarayana"
Kakatiya Cement Sugar and Industries (Segment mismatch — fail),kakatiyacement.com,Hyderabad,Cement / sugar manufacturing,"Cement and sugar — commodity bulk manufacturing, not specialty",Rs.100-300Cr,N/A,N/A,Not evaluated — commodity manufacturer. Fails C3.,Strong,Large manufacturing plants in Telangana.,Strong,HQ in Hyderabad.,Fail,"Cement and sugar are pure commodity products. No differentiation, no IP, no regulatory approvals that signal technical moat. Fails C3 completely.",N/A,Not scored — disqualified on C3.,N/A,Not scored.,N/A,Not scored.,0,D — Auto-disqualify,Fail — Commodity manufacturer,Commodity cement and sugar manufacturer. Fails C3 (differentiated product) decisively. Documented to show the commodity vs specialty distinction was applied — not all manufacturers qualify.,N/A,"kakatiyacement.com; BSE filings; company description"
Hetero Drugs (Excluded — generic pharma),heterodrugs.com,Hyderabad,Pharma / generics,"Generic APIs and formulations at scale — commodity pharma",>Rs.500Cr,Vamsi Krishna Bandi,MD,"Engineering background. Large private pharmaceutical group.",Strong,Large manufacturing facilities in Telangana.,Strong,HQ and multiple plants in Hyderabad region.,Fail,"Generic pharma — specifically excluded from ICP. Not differentiated — commodity APIs and formulations.",N/A,Not scored — generic pharma auto-disqualified.,N/A,Not scored.,N/A,Not scored.,0,D — Auto-disqualify,Fail — Generic pharma / too large,"Generic pharma is an auto-disqualifier — specifically called out in ICP criteria. Additionally revenue >Rs.500Cr. Two independent disqualifiers. Documented as a key segment-exclusion example.",N/A,"heterodrugs.com; standard industry knowledge; MCA filings"
Syrma SGS Technology,syrmasgstechnology.com,Hyderabad,Industrial electronics / IoT sensors,"Electronics manufacturing services (EMS) — PCBs, sensors, IoT devices for industrial customers",Rs.100-300Cr,Jasbir Singh,CEO (Founder of combined entity),"Engineering background. Syrma merged with SGS Technologie — combined entity now listed on BSE.",Strong,EMS manufacturing facilities in multiple cities including Hyderabad plant.,Moderate,"HQ in Chennai. Hyderabad operational presence — manufacturing unit. Scored moderate as Chennai is the primary HQ.",Moderate,"EMS is higher-value than basic PCB assembly — serves specialty industrial and defence customers. But EMS itself is service-like. Not producing proprietary products. Some DUT testing capabilities.",Moderate,"CEO engineering background but EMS is largely an execution business, not a deep-tech innovation business. Moderate on C4.",Moderate,"Electronics manufacturing is Make-in-India beneficiary and India component sector is growing. But EMS has more competition than specialty manufacturers.",Moderate,"Recently listed on BSE. Revenue growing. Some defence electronics wins. Signals met: Financial (1 of 5).",60,B — Probable Federer,Borderline — Research Further,"Borderline case. EMS is a grey area — not a pure commodity, not a specialty product company. The defence electronics wins and BSE listing are positive signals. But HQ is in Chennai and C3 is weak. Research further before including.",Recently merged with SGS Technologie and listed on BSE — pivoting from generic EMS toward defence electronics and IoT devices for industrial customers.,"syrmasgstechnology.com; BSE listing documents FY23; MCA filings; company press releases"
Amara Raja Energy & Mobility (Excluded — too large),amararaja.com,Hyderabad,Industrial batteries / energy storage,Lead-acid batteries and lithium-ion energy storage for automotive and industrial,>Rs.500Cr,Harshavardhana Galla,Vice Chairman,"Engineering background. Well-known industrial family (Galla family). Significant political profile.",Strong,"World-class battery manufacturing plants in Tirupati (near Hyderabad). Also MRF of batteries in India.",Strong,"Operational HQ in Hyderabad. Manufacturing near Hyderabad.",Moderate,"Amara Raja has some differentiation but the core lead-acid battery business is relatively commoditizing. Lithium-ion pivot is more differentiated.",Moderate,"Second-generation business leader with engineering background. Technical credentials moderate vs. scientist-founder ICP.",Strong,"Energy storage is a strong sector — EV transition, grid storage, PLI scheme.",Strong,"Active EV transition pivot. New lithium-ion plant under construction. Significant capex.",0,D — Auto-disqualify,Fail — Revenue exceeds Rs.500Cr,Revenue significantly exceeds Rs.500Cr ceiling. Otherwise a reasonable Federer candidate — especially as they pivot to lithium-ion energy storage. Documented as revenue ceiling disqualifier.,N/A,"amararaja.com; BSE filings FY24; press coverage of EV pivot"
Sandur Manganese and Iron Ores (Not Hyderabad — fail),sandur.com,Sandur / Karnataka,Mining and ferroalloys,Manganese ore and ferroalloys — mining/raw materials,Rs.100-300Cr,N/A,N/A,Not evaluated — operational presence not in Hyderabad.,N/A,Mining operations in Sandur (Karnataka) not Hyderabad.,Fail,"HQ in Bangalore. Mining in Karnataka. No Hyderabad operational presence.",N/A,Not evaluated — city disqualified.,N/A,Not scored.,N/A,Not scored.,N/A,Not scored.,0,D — Auto-disqualify,Fail — Wrong city / wrong segment,Neither Hyderabad-based nor in target segments. Documented as combined city + segment fail.,N/A,sandur.com; MCA filings
Lazuline Biotech,lazulinebio.com,Hyderabad,Specialty biotech / recombinant proteins,"Recombinant Human Serum Albumin using Pichia Pastoris expression system — rare global bioproduction capability",<Rs.50Cr,Prasad Kandimalla,Co-founder,"Scientist-led company. Deep biotech domain expertise in recombinant protein expression.",Strong,"Production capability in Hyderabad using Pichia Pastoris fermentation system.",Strong,"Jubilee Hills, Hyderabad. Manufacturing and R&D in Hyderabad.",Strong,"Recombinant HSA in Pichia is rare globally — few players worldwide. Deep biotech IP. Not a contract services company — they make a specific highly-differentiated product.",Strong,Scientist-founder with deep domain expertise in recombinant protein expression. Technical leadership throughout.,Strong,"Biologics and biosimilars benefit from China+1 in biopharma. Recombinant albumin demand growing as blood-derived albumin faces supply constraints.",Moderate,"Small revenue (~Rs.33Cr) with limited visible expansion signals. In strong tailwind sector but not showing explosive growth signals yet. Signals met: Website + Certifications (1-2 of 5).",85,A — Strong Federer,Pass — With Scale Caveat,"Strong Federer on C3/C4/C5. Small revenue and limited growth signals are the caveat. The differentiation is genuinely world-class — one of very few Pichia-based recombinant HSA producers globally. Worth pursuing with realistic expectations on deal size.",One of very few companies globally doing recombinant HSA production in Pichia — a capability most biopharma companies are still sourcing from China.,"lazulinebio.com; scientific publications; MCA filings"
Sreenivasa Hatcheries / Venky's (Segment check),venkys.com,Hyderabad (partial),Animal health / poultry,"Poultry breeding, veterinary vaccines, poultry feed — animal health and nutrition",Rs.300-500Cr,B. Venkatesh Rao / family,CMD,"Agri science background. Family-run poultry and animal health group.",Strong,"Breeding farms, vaccine manufacturing, feed plants across India including Hyderabad region.",Moderate,"National company. Hyderabad has operational presence but not sole HQ — multiple state headquarters.",Moderate,"Venky's veterinary vaccines have some differentiation but the core poultry business is commodity. Vaccine sub-segment is more differentiated.",Moderate,"Family-run with agri science background. Multiple generations in the business.",Moderate,"Animal health sector has tailwinds but poultry specifically is commodity-adjacent. Veterinary vaccine subset is stronger.",Moderate,"Large company with steady operations. Not showing aggressive expansion signals. Signals met: Financial (1 of 5).",60,B — Probable Federer,Borderline — Verify Veterinary Vaccines Segment,"Borderline overall — the poultry business is commodity but the veterinary vaccines sub-segment may qualify. Need to verify: is Hyderabad specifically the home of their vaccine manufacturing? If yes, this segment may qualify as a pass. Research further.",Venky's veterinary vaccines unit — if verifiable as Hyderabad-based production — is potentially a Federer fit given barriers in animal biologics manufacturing.,"venkys.com; MCA filings; company website segment breakdown"
Hetero Biopharma (separate entity from Hetero Drugs),heterobiopharma.com,Hyderabad,Specialty biotech / biosimilars,"Biosimilar biologics — erythropoietin, interferon, monoclonal antibodies for oncology and autoimmune diseases",Rs.100-300Cr,B. Partha Saradhi Reddy,Founder & MD,"Pharmacy graduate, entrepreneur who built Hetero from scratch. Technically informed though pharmacy rather than PhD scientist.",Strong,"Dedicated biologics manufacturing facility in Genome Valley, Hyderabad. WHO-GMP certified. Produces finished biologic drugs.",Strong,"Manufacturing in Genome Valley, Hyderabad.",Strong,"Biosimilar biologics — high-barrier manufacturing. WHO-GMP certified. Monoclonal antibody capability is significant. Different from parent Hetero Drugs which makes commodity generics.",Moderate,"MD has pharmacy background. Technically informed entrepreneur. Scores moderate — not PhD scientist but not non-technical either. Strong domain knowledge built through 30+ years.",Strong,"Biosimilars are one of the fastest-growing pharma segments globally. India is targeting 10% of global biosimilar market. China+1 in biologics is accelerating.",Strong,"New WHO-GMP certification for biologics facility. Active product pipeline with multiple biosimilars in development. Signals met: Certifications + Facility.",85,A — Strong Federer,Pass — Verify Independence from Hetero Group,"Potential issue: verify that Hetero Biopharma is run as an independently managed entity with its own decision-maker, not controlled by the broader Hetero Group as an institutionally-managed subsidiary. If genuinely promoter-run independently, this is a strong pass.",WHO-GMP certified biosimilar manufacturer in Genome Valley building out a monoclonal antibody capability — in a segment where most Indian generics companies have never played.,"heterobiopharma.com; WHO-GMP facility list; MCA filings — verify ownership structure"
Natco Pharma,natcopharma.com,Hyderabad,Complex APIs / specialty pharma,"Complex generic APIs, niche formulations (oncology, hepatitis C), first-to-file generics for US market",Rs.100-300Cr,V.C. Nannapaneni,Founder & CMD,"B.Pharma, founder-driven. Known for aggressive patent challenges (Bayer/Nexavar case — Indian Supreme Court landmark). Technical and commercially sharp.",Strong,"Manufacturing plants in Hyderabad and Kothur. In-house synthesis of complex APIs and formulations.",Strong,HQ and manufacturing in Hyderabad.,Strong,"Complex oncology APIs and first-to-file generics for US market — not commodity. Famous for Bayer patent challenge on Sorafenib (Nexavar). High-barrier technical chemistry.",Strong,"Founder V.C. Nannapaneni is B.Pharma with decades building a technical pharma company. Not a PhD but deep technical domain knowledge demonstrated by 40-year track record.",Moderate,"Complex generic APIs have tailwinds (patent cliff, US generic pharma demand) but not as strong as specialty/innovator-serving segments.",Strong,"Active US FDA applications. Growing oncology pipeline. New capacity expansion for complex APIs. Signals met: Certifications + Financial + Facility.",80,A — Strong Federer,Pass — Revenue Band Verify,"Strong Federer profile. Founder-driven, complex APIs, long technical track record. One important check: verify current FY25 revenue carefully — Natco has been growing fast and may be approaching or above Rs.500Cr ceiling.",Founder of Natco Pharma challenged Bayer's cancer drug patent at India's Supreme Court and won — making the company the symbol of India's compulsory licensing framework.,"natcopharma.com; BSE filings FY24; Bayer/Sorafenib case records; USFDA ANDA database"
Privi Organics (Mumbai — checking Hyderabad presence),priviorganics.com,Mumbai (primary),Performance chemicals / aroma chemicals,"Aroma chemicals, specialty fragrances, terpene derivatives — for personal care, food, homecare industries",Rs.300-500Cr,N/A,N/A,Not evaluated — no confirmed Hyderabad operational presence.,N/A,Manufacturing in Mahad (Maharashtra). No Hyderabad presence confirmed.,Fail,Primary operations in Maharashtra — not Hyderabad.,N/A,Not evaluated — city disqualified.,N/A,Not scored.,N/A,Not scored.,N/A,Not scored.,0,D — Auto-disqualify,Fail — Wrong city,No Hyderabad operational presence found. Documented to show that the city criterion was applied rigorously and registered office location was not accepted as a substitute for operational presence.,N/A,"priviorganics.com; BSE filings; MCA"
Mylan Laboratories (Acquired — fail),mylanlab.com,Hyderabad,Pharma / generics,"Generic APIs and formulations — now Viatris (global generic pharma conglomerate)",>Rs.500Cr,N/A,N/A,Not evaluated — now subsidiary of Viatris (US public company). Lost Indian promoter-driven structure entirely.,Fail,Manufacturing in Hyderabad — significant legacy operations.,Strong,HQ was in Hyderabad. Now part of Viatris global entity.,Fail,Generic pharma — commodity segment. Additionally acquired by global conglomerate.,N/A,Not scored.,N/A,Not scored.,N/A,Not scored.,0,D — Auto-disqualify,Fail — Three independent disqualifiers,"Three independent disqualifiers: (1) subsidiary of large global group (Viatris), (2) generic/commodity pharma, (3) revenue far exceeds Rs.500Cr. Documented to show the acquired-company check was applied.",N/A,"mylanlab.com; Viatris acquisition records; BSE filings"
Sai Life Sciences,sailifesciences.com,Hyderabad,Custom synthesis / CRO-CDMO,"Contract research and development, complex molecule synthesis for global pharma/biotech — CRDMO model",Rs.100-300Cr,Krishna Kanumuri,CEO & Executive Director,"Ph.D. in Medicinal Chemistry, NIH post-doc. Deep technical background in drug discovery chemistry.",Moderate,"CRDMO — contract research and development AND manufacturing. Straddles service and manufacturing. Grey area for C1. Has manufacturing of intermediates and APIs, but also substantial research services.",Strong,"HQ and primary operations in Hyderabad (Genome Valley).",Strong,"Complex molecule CDMO for global biotech — not commodity. TPG-backed but management-led. Recent acqui-hire of Pirouette Medicines (drug discovery asset).",Strong,"CEO Krishna Kanumuri holds Ph.D. Medicinal Chemistry + NIH post-doc. Exceptional technical DM profile.",Strong,"India CRDMO sector has very strong tailwinds. China+1 in pharma R&D outsourcing. Growing global biotech funding driving outsourcing demand.",Strong,"Recent acquisition of Pirouette Medicines. Active hiring. New facility expansions. Signals met: Facility + Hiring + Certifications.",75,B — Probable Federer,Borderline — C1 and Ownership Check Required,"Strong technical team (PhD CEO, NIH-trained) and right sector. Two issues to resolve: (1) C1 — does Sai's service revenue dominate over manufacturing revenue? If primarily CRO services, C1 should be weak/fail. (2) Ownership — TPG-backed. Verify if TPG holds majority or management/promoter still leads operationally.",PhD medicinal chemist CEO with NIH background leading one of India's most technically advanced CRDMOs — recently acquired a drug discovery asset to deepen the science pipeline.,"sailifesciences.com; MCA filings; TPG investment details; LinkedIn profile Krishna Kanumuri"
